time,lat,lon,tempanomaly
1880-01-15,51.0,21.0,-1.5699999
1880-02-15,51.0,21.0,-0.97999996
1880-03-15,51.0,21.0,-0.28
1880-04-15,51.0,21.0,1.4599999
1880-05-15,51.0,21.0,-0.98999995
1880-06-15,51.0,21.0,0.53999996
1880-07-15,51.0,21.0,1.78
1880-08-15,51.0,21.0,-0.14
1880-09-15,51.0,21.0,0.63
1880-10-15,51.0,21.0,-1.63
1880-11-15,51.0,21.0,-0.32999998
1880-12-15,51.0,21.0,1.56
1881-01-15,51.0,21.0,-3.9099998
1881-02-15,51.0,21.0,0.13
1881-03-15,51.0,21.0,-1.41
1881-04-15,51.0,21.0,-3.27
1881-05-15,51.0,21.0,0.22999999
1881-06-15,51.0,21.0,-0.28
1881-07-15,51.0,21.0,0.81
1881-08-15,51.0,21.0,-0.07
1881-09-15,51.0,21.0,-1.3
1881-10-15,51.0,21.0,-3.59
1881-11-15,51.0,21.0,-1.4699999
1881-12-15,51.0,21.0,-0.39999998
1882-01-15,51.0,21.0,3.57
1882-02-15,51.0,21.0,2.34
1882-03-15,51.0,21.0,4.0899997
1882-04-15,51.0,21.0,0.56
1882-05-15,51.0,21.0,0.21
1882-06-15,51.0,21.0,-1.27
1882-07-15,51.0,21.0,1.76
1882-08-15,51.0,21.0,-1.02
1882-09-15,51.0,21.0,1.61
1882-10-15,51.0,21.0,-1.0699999
1882-11-15,51.0,21.0,-1.27
1882-12-15,51.0,21.0,0.35
1883-01-15,51.0,21.0,0.02
1883-02-15,51.0,21.0,1.31
1883-03-15,51.0,21.0,-4.92
1883-04-15,51.0,21.0,-2.7
1883-05-15,51.0,21.0,-0.45999998
1883-06-15,51.0,21.0,1.09
1883-07-15,51.0,21.0,0.44
1883-08-15,51.0,21.0,-0.85999995
1883-09-15,51.0,21.0,0.16
1883-10-15,51.0,21.0,-0.34
1883-11-15,51.0,21.0,-0.61
1883-12-15,51.0,21.0,-0.79999995
1884-01-15,51.0,21.0,2.75
1884-02-15,51.0,21.0,3.72
1884-03-15,51.0,21.0,0.64
1884-04-15,51.0,21.0,-2.46
1884-05-15,51.0,21.0,-0.08
1884-06-15,51.0,21.0,0.16
1884-07-15,51.0,21.0,0.90999997
1884-08-15,51.0,21.0,-1.14
1884-09-15,51.0,21.0,0.71
1884-10-15,51.0,21.0,-1.74
1884-11-15,51.0,21.0,-3.3799999
1884-12-15,51.0,21.0,2.1699998
1885-01-15,51.0,21.0,-0.9
1885-02-15,51.0,21.0,2.9299998
1885-03-15,51.0,21.0,0.74
1885-04-15,51.0,21.0,1.31
1885-05-15,51.0,21.0,-1.3
1885-06-15,51.0,21.0,1.73
1885-07-15,51.0,21.0,0.84
1885-08-15,51.0,21.0,-2.47
1885-09-15,51.0,21.0,-0.049999997
1885-10-15,51.0,21.0,-0.12
1885-11-15,51.0,21.0,-1.88
1885-12-15,51.0,21.0,-1.9599999
1886-01-15,51.0,21.0,1.3299999
1886-02-15,51.0,21.0,-3.1599998
1886-03-15,51.0,21.0,-4.88
1886-04-15,51.0,21.0,1.12
1886-05-15,51.0,21.0,0.53
1886-06-15,51.0,21.0,-0.62
1886-07-15,51.0,21.0,-0.82
1886-08-15,51.0,21.0,0.38
1886-09-15,51.0,21.0,1.09
1886-10-15,51.0,21.0,-0.76
1886-11-15,51.0,21.0,0.65
1886-12-15,51.0,21.0,1.73
1887-01-15,51.0,21.0,-0.57
1887-02-15,51.0,21.0,-1.48
1887-03-15,51.0,21.0,-1.6899999
1887-04-15,51.0,21.0,-0.78
1887-05-15,51.0,21.0,-0.59
1887-06-15,51.0,21.0,-1.9399999
1887-07-15,51.0,21.0,1.27
1887-08-15,51.0,21.0,-1.36
1887-09-15,51.0,21.0,0.7
1887-10-15,51.0,21.0,-2.78
1887-11-15,51.0,21.0,0.14
1887-12-15,51.0,21.0,-1.36
1888-01-15,51.0,21.0,-3.28
1888-02-15,51.0,21.0,-2.47
1888-03-15,51.0,21.0,-2.25
1888-04-15,51.0,21.0,-1.68
1888-05-15,51.0,21.0,0.07
1888-06-15,51.0,21.0,-0.08
1888-07-15,51.0,21.0,-1.5799999
1888-08-15,51.0,21.0,-0.68
1888-09-15,51.0,21.0,-0.31
1888-10-15,51.0,21.0,-1.3399999
1888-11-15,51.0,21.0,-2.8
1888-12-15,51.0,21.0,0.049999997
1889-01-15,51.0,21.0,-1.18
1889-02-15,51.0,21.0,-1.03
1889-03-15,51.0,21.0,-3.86
1889-04-15,51.0,21.0,-0.55
1889-05-15,51.0,21.0,3.99
1889-06-15,51.0,21.0,3.07
1889-07-15,51.0,21.0,0.08
1889-08-15,51.0,21.0,-0.61
1889-09-15,51.0,21.0,-2.84
1889-10-15,51.0,21.0,1.35
1889-11-15,51.0,21.0,-0.78
1889-12-15,51.0,21.0,-2.62
1890-01-15,51.0,21.0,3.9199998
1890-02-15,51.0,21.0,-2.3
1890-03-15,51.0,21.0,1.48
1890-04-15,51.0,21.0,1.41
1890-05-15,51.0,21.0,2.52
1890-06-15,51.0,21.0,-1.53
1890-07-15,51.0,21.0,0.37
1890-08-15,51.0,21.0,2.81
1890-09-15,51.0,21.0,-0.48999998
1890-10-15,51.0,21.0,-2.3999999
1890-11-15,51.0,21.0,-0.48999998
1890-12-15,51.0,21.0,-6.0099998
1891-01-15,51.0,21.0,-1.92
1891-02-15,51.0,21.0,-1.24
1891-03-15,51.0,21.0,0.14
1891-04-15,51.0,21.0,-2.57
1891-05-15,51.0,21.0,2.1299999
1891-06-15,51.0,21.0,-0.9
1891-07-15,51.0,21.0,0.12
1891-08-15,51.0,21.0,-0.77
1891-09-15,51.0,21.0,0.21
1891-10-15,51.0,21.0,1.3199999
1891-11-15,51.0,21.0,-2.01
1891-12-15,51.0,21.0,1.13
1892-01-15,51.0,21.0,-0.14
1892-02-15,51.0,21.0,0.97999996
1892-03-15,51.0,21.0,-1.4
1892-04-15,51.0,21.0,-1.05
1892-05-15,51.0,21.0,0.69
1892-06-15,51.0,21.0,0.78
1892-07-15,51.0,21.0,-0.63
1892-08-15,51.0,21.0,2.6699998
1892-09-15,51.0,21.0,2.48
1892-10-15,51.0,21.0,-0.78999996
1892-11-15,51.0,21.0,-3.07
1892-12-15,51.0,21.0,-3.25
1893-01-15,51.0,21.0,-7.97
1893-02-15,51.0,21.0,1.87
1893-03-15,51.0,21.0,-0.32
1893-04-15,51.0,21.0,-2.6
1893-05-15,51.0,21.0,-0.59
1893-06-15,51.0,21.0,0.22999999
1893-07-15,51.0,21.0,0.53
1893-08-15,51.0,21.0,-0.55
1893-09-15,51.0,21.0,-1.0699999
1893-10-15,51.0,21.0,1.39
1893-11-15,51.0,21.0,-2.1699998
1893-12-15,51.0,21.0,1.37
1894-01-15,51.0,21.0,-1.27
1894-02-15,51.0,21.0,1.79
1894-03-15,51.0,21.0,2.24
1894-04-15,51.0,21.0,1.9599999
1894-05-15,51.0,21.0,1.06
1894-06-15,51.0,21.0,-2.1599998
1894-07-15,51.0,21.0,1.52
1894-08-15,51.0,21.0,-0.32999998
1894-09-15,51.0,21.0,-2.84
1894-10-15,51.0,21.0,-0.65
1894-11-15,51.0,21.0,-0.34
1894-12-15,51.0,21.0,-0.5
1895-01-15,51.0,21.0,1.38
1895-02-15,51.0,21.0,-4.04
1895-03-15,51.0,21.0,-1.9499999
1895-04-15,51.0,21.0,-0.03
1895-05-15,51.0,21.0,1.23
1895-06-15,51.0,21.0,0.95
1895-07-15,51.0,21.0,1.63
1895-08-15,51.0,21.0,0.01
1895-09-15,51.0,21.0,0.47
1895-10-15,51.0,21.0,-0.71
1895-11-15,51.0,21.0,-0.56
1895-12-15,51.0,21.0,-1.92
1896-01-15,51.0,21.0,-1.9599999
1896-02-15,51.0,21.0,0.76
1896-03-15,51.0,21.0,1.63
1896-04-15,51.0,21.0,-2.73
1896-05-15,51.0,21.0,-0.35999998
1896-06-15,51.0,21.0,1.67
1896-07-15,51.0,21.0,1.5
1896-08-15,51.0,21.0,-0.74
1896-09-15,51.0,21.0,-0.06
1896-10-15,51.0,21.0,2.79
1896-11-15,51.0,21.0,-3.34
1896-12-15,51.0,21.0,-0.95
1897-01-15,51.0,21.0,0.08
1897-02-15,51.0,21.0,0.66999996
1897-03-15,51.0,21.0,1.9499999
1897-04-15,51.0,21.0,-0.34
1897-05-15,51.0,21.0,0.68
1897-06-15,51.0,21.0,1.38
1897-07-15,51.0,21.0,0.19999999
1897-08-15,51.0,21.0,1.25
1897-09-15,51.0,21.0,-0.29
1897-10-15,51.0,21.0,-1.75
1897-11-15,51.0,21.0,-3.02
1897-12-15,51.0,21.0,-2.1499999
1898-01-15,51.0,21.0,3.28
1898-02-15,51.0,21.0,2.3999999
1898-03-15,51.0,21.0,1.0799999
1898-04-15,51.0,21.0,-0.5
1898-05-15,51.0,21.0,1.37
1898-06-15,51.0,21.0,-0.64
1898-07-15,51.0,21.0,-2.4299998
1898-08-15,51.0,21.0,0.53999996
1898-09-15,51.0,21.0,-1.1999999
1898-10-15,51.0,21.0,-1.41
1898-11-15,51.0,21.0,1.7199999
1898-12-15,51.0,21.0,2.75
1899-01-15,51.0,21.0,4.45
1899-02-15,51.0,21.0,2.18
1899-03-15,51.0,21.0,-0.35
1899-04-15,51.0,21.0,-0.19
1899-05-15,51.0,21.0,-0.14
1899-06-15,51.0,21.0,-2.04
1899-07-15,51.0,21.0,0.24
1899-08-15,51.0,21.0,-1.48
1899-09-15,51.0,21.0,-0.35
1899-10-15,51.0,21.0,-1.29
1899-11-15,51.0,21.0,0.84999996
1899-12-15,51.0,21.0,-2.4299998
1900-01-15,51.0,21.0,2.27
1900-02-15,51.0,21.0,3.59
1900-03-15,51.0,21.0,-2.58
1900-04-15,51.0,21.0,-1.7199999
1900-05-15,51.0,21.0,-0.9
1900-06-15,51.0,21.0,0.5
1900-07-15,51.0,21.0,1.52
1900-08-15,51.0,21.0,0.28
1900-09-15,51.0,21.0,-0.089999996
1900-10-15,51.0,21.0,-0.35999998
1900-11-15,51.0,21.0,1.28
1900-12-15,51.0,21.0,1.61
1901-01-15,51.0,21.0,-1.55
1901-02-15,51.0,21.0,-3.1
1901-03-15,51.0,21.0,-0.7
1901-04-15,51.0,21.0,-0.74
1901-05-15,51.0,21.0,1.52
1901-06-15,51.0,21.0,1.16
1901-07-15,51.0,21.0,1.5699999
1901-08-15,51.0,21.0,0.29999998
1901-09-15,51.0,21.0,-0.48
1901-10-15,51.0,21.0,0.97999996
1901-11-15,51.0,21.0,-0.91999996
1901-12-15,51.0,21.0,1.67
1902-01-15,51.0,21.0,5.2999997
1902-02-15,51.0,21.0,0.35999998
1902-03-15,51.0,21.0,-0.099999994
1902-04-15,51.0,21.0,-3.27
1902-05-15,51.0,21.0,-2.81
1902-06-15,51.0,21.0,-0.96999997
1902-07-15,51.0,21.0,-2.61
1902-08-15,51.0,21.0,-1.9
1902-09-15,51.0,21.0,-1.74
1902-10-15,51.0,21.0,-2.21
1902-11-15,51.0,21.0,-4.89
1902-12-15,51.0,21.0,-4.8599997
1903-01-15,51.0,21.0,1.8399999
1903-02-15,51.0,21.0,4.46
1903-03-15,51.0,21.0,3.75
1903-04-15,51.0,21.0,-1.54
1903-05-15,51.0,21.0,0.77
1903-06-15,51.0,21.0,-0.19999999
1903-07-15,51.0,21.0,-0.64
1903-08-15,51.0,21.0,-1.31
1903-09-15,51.0,21.0,0.22999999
1903-10-15,51.0,21.0,-0.79999995
1903-11-15,51.0,21.0,-0.57
1903-12-15,51.0,21.0,-1.05
1904-01-15,51.0,21.0,0.37
1904-02-15,51.0,21.0,2.3799999
1904-03-15,51.0,21.0,-1.05
1904-04-15,51.0,21.0,-1.12
1904-05-15,51.0,21.0,-1.9599999
1904-06-15,51.0,21.0,-1.39
1904-07-15,51.0,21.0,0.19
1904-08-15,51.0,21.0,-0.59999996
1904-09-15,51.0,21.0,-1.8199999
1904-10-15,51.0,21.0,-1.05
1904-11-15,51.0,21.0,-2.2
1904-12-15,51.0,21.0,1.14
1905-01-15,51.0,21.0,-0.87
1905-02-15,51.0,21.0,2.0
1905-03-15,51.0,21.0,0.61
1905-04-15,51.0,21.0,-2.6799998
1905-05-15,51.0,21.0,1.3
1905-06-15,51.0,21.0,2.07
1905-07-15,51.0,21.0,0.07
1905-08-15,51.0,21.0,0.41
1905-09-15,51.0,21.0,-0.35999998
1905-10-15,51.0,21.0,-3.6299999
1905-11-15,51.0,21.0,-0.01
1905-12-15,51.0,21.0,0.34
1906-01-15,51.0,21.0,2.08
1906-02-15,51.0,21.0,1.76
1906-03-15,51.0,21.0,0.08
1906-04-15,51.0,21.0,1.51
1906-05-15,51.0,21.0,2.95
1906-06-15,51.0,21.0,-0.88
1906-07-15,51.0,21.0,0.81
1906-08-15,51.0,21.0,-0.95
1906-09-15,51.0,21.0,-1.23
1906-10-15,51.0,21.0,-0.90999997
1906-11-15,51.0,21.0,2.18
1906-12-15,51.0,21.0,-3.34
1907-01-15,51.0,21.0,-0.58
1907-02-15,51.0,21.0,-1.89
1907-03-15,51.0,21.0,-1.48
1907-04-15,51.0,21.0,-2.6299999
1907-05-15,51.0,21.0,1.75
1907-06-15,51.0,21.0,-0.95
1907-07-15,51.0,21.0,-1.8399999
1907-08-15,51.0,21.0,-1.75
1907-09-15,51.0,21.0,-1.0
1907-10-15,51.0,21.0,4.35
1907-11-15,51.0,21.0,-2.6299999
1907-12-15,51.0,21.0,-1.91
1908-01-15,51.0,21.0,1.29
1908-02-15,51.0,21.0,2.32
1908-03-15,51.0,21.0,-0.32
1908-04-15,51.0,21.0,-2.37
1908-05-15,51.0,21.0,0.58
1908-06-15,51.0,21.0,0.25
1908-07-15,51.0,21.0,0.47
1908-08-15,51.0,21.0,-1.8499999
1908-09-15,51.0,21.0,-1.91
1908-10-15,51.0,21.0,-1.78
1908-11-15,51.0,21.0,-4.49
1908-12-15,51.0,21.0,-2.48
1909-01-15,51.0,21.0,-0.13
1909-02-15,51.0,21.0,-3.58
1909-03-15,51.0,21.0,-1.03
1909-04-15,51.0,21.0,-2.1499999
1909-05-15,51.0,21.0,-2.3
1909-06-15,51.0,21.0,-0.57
1909-07-15,51.0,21.0,-1.35
1909-08-15,51.0,21.0,-0.19999999
1909-09-15,51.0,21.0,1.36
1909-10-15,51.0,21.0,2.37
1909-11-15,51.0,21.0,-2.34
1909-12-15,51.0,21.0,1.4699999
1910-01-15,51.0,21.0,3.53
1910-02-15,51.0,21.0,4.67
1910-03-15,51.0,21.0,0.89
1910-04-15,51.0,21.0,0.14999999
1910-05-15,51.0,21.0,1.7099999
1910-06-15,51.0,21.0,2.25
1910-07-15,51.0,21.0,-1.29
1910-08-15,51.0,21.0,-1.1999999
1910-09-15,51.0,21.0,-1.0
1910-10-15,51.0,21.0,-1.24
1910-11-15,51.0,21.0,-1.76
1910-12-15,51.0,21.0,2.6499999
1911-01-15,51.0,21.0,2.6399999
1911-02-15,51.0,21.0,-0.74
1911-03-15,51.0,21.0,1.26
1911-04-15,51.0,21.0,-0.64
1911-05-15,51.0,21.0,1.56
1911-06-15,51.0,21.0,-0.90999997
1911-07-15,51.0,21.0,-0.02
1911-08-15,51.0,21.0,1.56
1911-09-15,51.0,21.0,0.83
1911-10-15,51.0,21.0,-0.39
1911-11-15,51.0,21.0,0.76
1911-12-15,51.0,21.0,1.3399999
1912-01-15,51.0,21.0,-3.6699998
1912-02-15,51.0,21.0,1.0
1912-03-15,51.0,21.0,3.1499999
1912-04-15,51.0,21.0,-2.04
1912-05-15,51.0,21.0,-1.26
1912-06-15,51.0,21.0,1.05
1912-07-15,51.0,21.0,0.95
1912-08-15,51.0,21.0,-1.48
1912-09-15,51.0,21.0,-4.11
1912-10-15,51.0,21.0,-3.37
1912-11-15,51.0,21.0,-1.99
1912-12-15,51.0,21.0,2.82
1913-01-15,51.0,21.0,0.38
1913-02-15,51.0,21.0,1.8399999
1913-03-15,51.0,21.0,3.1799998
1913-04-15,51.0,21.0,-0.03
1913-05-15,51.0,21.0,-0.59
1913-06-15,51.0,21.0,-1.73
1913-07-15,51.0,21.0,-1.8499999
1913-08-15,51.0,21.0,-1.4499999
1913-09-15,51.0,21.0,-0.45
1913-10-15,51.0,21.0,-0.37
1913-11-15,51.0,21.0,1.88
1913-12-15,51.0,21.0,2.56
1914-01-15,51.0,21.0,-0.35999998
1914-02-15,51.0,21.0,3.87
1914-03-15,51.0,21.0,2.03
1914-04-15,51.0,21.0,1.02
1914-05-15,51.0,21.0,0.13
1914-06-15,51.0,21.0,-0.29999998
1914-07-15,51.0,21.0,1.67
1914-08-15,51.0,21.0,-0.29999998
1914-09-15,51.0,21.0,-1.7199999
1914-10-15,51.0,21.0,-1.36
1914-11-15,51.0,21.0,-2.6
1914-12-15,51.0,21.0,3.1999998
1915-01-15,51.0,21.0,2.3799999
1915-02-15,51.0,21.0,2.1599998
1915-03-15,51.0,21.0,-2.7
1915-04-15,51.0,21.0,0.25
1915-05-15,51.0,21.0,0.89
1915-06-15,51.0,21.0,1.77
1915-07-15,51.0,21.0,-0.06
1915-08-15,51.0,21.0,-1.3
1915-09-15,51.0,21.0,-1.7099999
1915-10-15,51.0,21.0,-2.1699998
1915-11-15,51.0,21.0,-2.6
1915-12-15,51.0,21.0,1.8299999
1916-01-15,51.0,21.0,4.81
1916-02-15,51.0,21.0,1.89
1916-03-15,51.0,21.0,1.66
1916-04-15,51.0,21.0,0.52
1916-05-15,51.0,21.0,-0.39
1916-06-15,51.0,21.0,-1.52
1916-07-15,51.0,21.0,-0.22999999
1916-08-15,51.0,21.0,-1.29
1916-09-15,51.0,21.0,-1.23
1916-10-15,51.0,21.0,-1.43
1916-11-15,51.0,21.0,0.82
1916-12-15,51.0,21.0,1.5999999
1917-01-15,51.0,21.0,-1.04
1917-02-15,51.0,21.0,-4.0099998
1917-03-15,51.0,21.0,-4.64
1917-04-15,51.0,21.0,-3.37
1917-05-15,51.0,21.0,0.61
1917-06-15,51.0,21.0,3.1999998
1917-07-15,51.0,21.0,-0.19999999
1917-08-15,51.0,21.0,1.8299999
1917-09-15,51.0,21.0,0.78999996
1917-10-15,51.0,21.0,0.9
1917-11-15,51.0,21.0,1.3199999
1917-12-15,51.0,21.0,-1.37
1918-01-15,51.0,21.0,2.46
1918-02-15,51.0,21.0,1.38
1918-03-15,51.0,21.0,0.79999995
1918-04-15,51.0,21.0,5.02
1918-05-15,51.0,21.0,0.81
1918-06-15,51.0,21.0,-2.96
1918-07-15,51.0,21.0,-0.17
1918-08-15,51.0,21.0,-0.9
1918-09-15,51.0,21.0,0.45
1918-10-15,51.0,21.0,1.56
1918-11-15,51.0,21.0,-1.31
1918-12-15,51.0,21.0,-0.01
1919-01-15,51.0,21.0,2.47
1919-02-15,51.0,21.0,1.06
1919-03-15,51.0,21.0,0.12
1919-04-15,51.0,21.0,-0.93
1919-05-15,51.0,21.0,-2.24
1919-06-15,51.0,21.0,-0.90999997
1919-07-15,51.0,21.0,-1.74
1919-08-15,51.0,21.0,-1.9
1919-09-15,51.0,21.0,2.46
1919-10-15,51.0,21.0,-1.39
1919-11-15,51.0,21.0,-6.52
1919-12-15,51.0,21.0,-0.89
1920-01-15,51.0,21.0,2.05
1920-02-15,51.0,21.0,3.31
1920-03-15,51.0,21.0,3.23
1920-04-15,51.0,21.0,4.2599998
1920-05-15,51.0,21.0,2.56
1920-06-15,51.0,21.0,-1.4499999
1920-07-15,51.0,21.0,2.31
1920-08-15,51.0,21.0,0.11
1920-09-15,51.0,21.0,-0.01
1920-10-15,51.0,21.0,-3.4099998
1920-11-15,51.0,21.0,-3.28
1920-12-15,51.0,21.0,-1.62
1921-01-15,51.0,21.0,6.2599998
1921-02-15,51.0,21.0,0.29
1921-03-15,51.0,21.0,4.46
1921-04-15,51.0,21.0,0.72999996
1921-05-15,51.0,21.0,2.8
1921-06-15,51.0,21.0,-0.97999996
1921-07-15,51.0,21.0,1.51
1921-08-15,51.0,21.0,1.41
1921-09-15,51.0,21.0,-0.55
1921-10-15,51.0,21.0,1.0
1921-11-15,51.0,21.0,-4.69
1921-12-15,51.0,21.0,-1.62
1922-01-15,51.0,21.0,-2.35
1922-02-15,51.0,21.0,-1.31
1922-03-15,51.0,21.0,1.17
1922-04-15,51.0,21.0,-1.37
1922-05-15,51.0,21.0,0.9
1922-06-15,51.0,21.0,0.28
1922-07-15,51.0,21.0,-0.02
1922-08-15,51.0,21.0,-0.82
1922-09-15,51.0,21.0,-2.1
1922-10-15,51.0,21.0,-3.75
1922-11-15,51.0,21.0,-2.6799998
1922-12-15,51.0,21.0,1.67
1923-01-15,51.0,21.0,3.52
1923-02-15,51.0,21.0,-0.26
1923-03-15,51.0,21.0,1.25
1923-04-15,51.0,21.0,-2.11
1923-05-15,51.0,21.0,0.28
1923-06-15,51.0,21.0,-4.2799997
1923-07-15,51.0,21.0,0.13
1923-08-15,51.0,21.0,-1.9699999
1923-09-15,51.0,21.0,0.37
1923-10-15,51.0,21.0,1.75
1923-11-15,51.0,21.0,-0.01
1923-12-15,51.0,21.0,-0.91999996
1924-01-15,51.0,21.0,-3.03
1924-02-15,51.0,21.0,-3.1
1924-03-15,51.0,21.0,-2.6399999
1924-04-15,51.0,21.0,-2.58
1924-05-15,51.0,21.0,1.7099999
1924-06-15,51.0,21.0,0.26
1924-07-15,51.0,21.0,-1.0799999
1924-08-15,51.0,21.0,-0.95
1924-09-15,51.0,21.0,0.94
1924-10-15,51.0,21.0,0.049999997
1924-11-15,51.0,21.0,-1.54
1924-12-15,51.0,21.0,-0.79999995
1925-01-15,51.0,21.0,4.87
1925-02-15,51.0,21.0,5.87
1925-03-15,51.0,21.0,-0.63
1925-04-15,51.0,21.0,0.04
1925-05-15,51.0,21.0,2.51
1925-06-15,51.0,21.0,-2.59
1925-07-15,51.0,21.0,0.21
1925-08-15,51.0,21.0,-0.63
1925-09-15,51.0,21.0,-1.66
1925-10-15,51.0,21.0,-1.4699999
1925-11-15,51.0,21.0,-1.13
1925-12-15,51.0,21.0,-0.21
1926-01-15,51.0,21.0,1.17
1926-02-15,51.0,21.0,3.07
1926-03-15,51.0,21.0,0.17999999
1926-04-15,51.0,21.0,1.31
1926-05-15,51.0,21.0,-0.29
1926-06-15,51.0,21.0,-0.95
1926-07-15,51.0,21.0,0.94
1926-08-15,51.0,21.0,-2.1
1926-09-15,51.0,21.0,-0.04
1926-10-15,51.0,21.0,-1.39
1926-11-15,51.0,21.0,3.99
1926-12-15,51.0,21.0,-0.65999997
1927-01-15,51.0,21.0,1.7199999
1927-02-15,51.0,21.0,0.25
1927-03-15,51.0,21.0,3.6799998
1927-04-15,51.0,21.0,-1.56
1927-05-15,51.0,21.0,-2.84
1927-06-15,51.0,21.0,-0.79999995
1927-07-15,51.0,21.0,1.29
1927-08-15,51.0,21.0,0.41
1927-09-15,51.0,21.0,0.44
1927-10-15,51.0,21.0,-0.19999999
1927-11-15,51.0,21.0,-1.8499999
1927-12-15,51.0,21.0,-4.85
1928-01-15,51.0,21.0,2.76
1928-02-15,51.0,21.0,1.31
1928-03-15,51.0,21.0,-1.8199999
1928-04-15,51.0,21.0,-0.84999996
1928-05-15,51.0,21.0,-1.66
1928-06-15,51.0,21.0,-2.55
1928-07-15,51.0,21.0,0.78
1928-08-15,51.0,21.0,-1.36
1928-09-15,51.0,21.0,-0.24
1928-10-15,51.0,21.0,0.01
1928-11-15,51.0,21.0,2.75
1928-12-15,51.0,21.0,-1.4599999
1929-01-15,51.0,21.0,-3.36
1929-02-15,51.0,21.0,-11.42
1929-03-15,51.0,21.0,-3.1999998
1929-04-15,51.0,21.0,-5.33
1929-05-15,51.0,21.0,2.07
1929-06-15,51.0,21.0,-2.01
1929-07-15,51.0,21.0,-0.22999999
1929-08-15,51.0,21.0,0.7
1929-09-15,51.0,21.0,-0.04
1929-10-15,51.0,21.0,2.24
1929-11-15,51.0,21.0,0.96
1929-12-15,51.0,21.0,2.61
1930-01-15,51.0,21.0,4.0499997
1930-02-15,51.0,21.0,1.8399999
1930-03-15,51.0,21.0,1.24
1930-04-15,51.0,21.0,1.05
1930-05-15,51.0,21.0,0.02
1930-06-15,51.0,21.0,2.07
1930-07-15,51.0,21.0,-0.57
1930-08-15,51.0,21.0,-1.1
1930-09-15,51.0,21.0,-0.53999996
1930-10-15,51.0,21.0,0.52
1930-11-15,51.0,21.0,1.42
1930-12-15,51.0,21.0,-1.7199999
1931-01-15,51.0,21.0,1.8499999
1931-02-15,51.0,21.0,-0.62
1931-03-15,51.0,21.0,-2.48
1931-04-15,51.0,21.0,-2.84
1931-05-15,51.0,21.0,4.0299997
1931-06-15,51.0,21.0,-0.049999997
1931-07-15,51.0,21.0,0.38
1931-08-15,51.0,21.0,-0.5
1931-09-15,51.0,21.0,-2.73
1931-10-15,51.0,21.0,-1.5899999
1931-11-15,51.0,21.0,-1.4399999
1931-12-15,51.0,21.0,0.66999996
1932-01-15,51.0,21.0,3.22
1932-02-15,51.0,21.0,-2.96
1932-03-15,51.0,21.0,-3.6499999
1932-04-15,51.0,21.0,-0.31
1932-05-15,51.0,21.0,2.09
1932-06-15,51.0,21.0,-1.66
1932-07-15,51.0,21.0,2.69
1932-08-15,51.0,21.0,1.36
1932-09-15,51.0,21.0,2.28
1932-10-15,51.0,21.0,0.83
1932-11-15,51.0,21.0,-0.17999999
1932-12-15,51.0,21.0,1.1899999
1933-01-15,51.0,21.0,-3.6499999
1933-02-15,51.0,21.0,0.78
1933-03-15,51.0,21.0,1.23
1933-04-15,51.0,21.0,-3.1299999
1933-05-15,51.0,21.0,-1.37
1933-06-15,51.0,21.0,-1.77
1933-07-15,51.0,21.0,1.02
1933-08-15,51.0,21.0,-0.72999996
1933-09-15,51.0,21.0,-0.58
1933-10-15,51.0,21.0,0.03
1933-11-15,51.0,21.0,-1.9799999
1933-12-15,51.0,21.0,-5.5
1934-01-15,51.0,21.0,1.56
1934-02-15,51.0,21.0,2.9299998
1934-03-15,51.0,21.0,2.8999999
1934-04-15,51.0,21.0,2.61
1934-05-15,51.0,21.0,1.81
1934-06-15,51.0,21.0,-0.02
1934-07-15,51.0,21.0,-0.13
1934-08-15,51.0,21.0,0.74
1934-09-15,51.0,21.0,1.99
1934-10-15,51.0,21.0,1.64
1934-11-15,51.0,21.0,2.22
1934-12-15,51.0,21.0,0.89
1935-01-15,51.0,21.0,-1.4499999
1935-02-15,51.0,21.0,2.23
1935-03-15,51.0,21.0,-0.53
1935-04-15,51.0,21.0,-0.28
1935-05-15,51.0,21.0,-2.24
1935-06-15,51.0,21.0,1.64
1935-07-15,51.0,21.0,-1.26
1935-08-15,51.0,21.0,-0.13
1935-09-15,51.0,21.0,0.37
1935-10-15,51.0,21.0,1.4
1935-11-15,51.0,21.0,-0.06
1935-12-15,51.0,21.0,1.13
1936-01-15,51.0,21.0,5.69
1936-02-15,51.0,21.0,-0.41
1936-03-15,51.0,21.0,2.8899999
1936-04-15,51.0,21.0,-0.35
1936-05-15,51.0,21.0,2.51
1936-06-15,51.0,21.0,0.69
1936-07-15,51.0,21.0,2.06
1936-08-15,51.0,21.0,-1.18
1936-09-15,51.0,21.0,-0.95
1936-10-15,51.0,21.0,-3.1699998
1936-11-15,51.0,21.0,1.3399999
1936-12-15,51.0,21.0,1.9399999
1937-01-15,51.0,21.0,-2.62
1937-02-15,51.0,21.0,1.9699999
1937-03-15,51.0,21.0,1.3399999
1937-04-15,51.0,21.0,0.21
1937-05-15,51.0,21.0,4.46
1937-06-15,51.0,21.0,1.61
1937-07-15,51.0,21.0,0.35
1937-08-15,51.0,21.0,1.4699999
1937-09-15,51.0,21.0,1.63
1937-10-15,51.0,21.0,0.64
1937-11-15,51.0,21.0,-0.21
1937-12-15,51.0,21.0,2.52
1938-01-15,51.0,21.0,1.9
1938-02-15,51.0,21.0,2.2
1938-03-15,51.0,21.0,4.12
1938-04-15,51.0,21.0,-3.28
1938-05-15,51.0,21.0,-0.59
1938-06-15,51.0,21.0,0.48999998
1938-07-15,51.0,21.0,0.28
1938-08-15,51.0,21.0,1.73
1938-09-15,51.0,21.0,0.52
1938-10-15,51.0,21.0,0.85999995
1938-11-15,51.0,21.0,2.86
1938-12-15,51.0,21.0,-2.49
1939-01-15,51.0,21.0,3.99
1939-02-15,51.0,21.0,4.3399997
1939-03-15,51.0,21.0,-1.68
1939-04-15,51.0,21.0,1.8499999
1939-05-15,51.0,21.0,-1.5899999
1939-06-15,51.0,21.0,1.0
1939-07-15,51.0,21.0,0.88
1939-08-15,51.0,21.0,1.64
1939-09-15,51.0,21.0,-0.26999998
1939-10-15,51.0,21.0,-2.6499999
1939-11-15,51.0,21.0,0.58
1939-12-15,51.0,21.0,-1.9799999
1940-01-15,51.0,21.0,-8.29
1940-02-15,51.0,21.0,-7.7799997
1940-03-15,51.0,21.0,-1.92
1940-04-15,51.0,21.0,-0.39
1940-05-15,51.0,21.0,-0.25
1940-06-15,51.0,21.0,1.5699999
1940-07-15,51.0,21.0,0.17999999
1940-08-15,51.0,21.0,-2.25
1940-09-15,51.0,21.0,-1.06
1940-10-15,51.0,21.0,-1.42
1940-11-15,51.0,21.0,1.67
1940-12-15,51.0,21.0,-3.6899998
1941-01-15,51.0,21.0,-5.21
1941-02-15,51.0,21.0,0.32
1941-03-15,51.0,21.0,-0.22999999
1941-04-15,51.0,21.0,-2.73
1941-05-15,51.0,21.0,-2.6499999
1941-06-15,51.0,21.0,0.17999999
1941-07-15,51.0,21.0,1.5699999
1941-08-15,51.0,21.0,-0.87
1941-09-15,51.0,21.0,-2.2
1941-10-15,51.0,21.0,-1.4399999
1941-11-15,51.0,21.0,-3.6999998
1941-12-15,51.0,21.0,0.89
1942-01-15,51.0,21.0,-6.5
1942-02-15,51.0,21.0,-4.56
1942-03-15,51.0,21.0,-4.49
1942-04-15,51.0,21.0,-1.36
1942-05-15,51.0,21.0,-0.13
1942-06-15,51.0,21.0,-1.18
1942-07-15,51.0,21.0,-1.02
1942-08-15,51.0,21.0,1.87
1942-09-15,51.0,21.0,2.6599998
1942-10-15,51.0,21.0,1.6899999
1942-11-15,51.0,21.0,-0.96
1942-12-15,51.0,21.0,1.9
1943-01-15,51.0,21.0,0.19
1943-02-15,51.0,21.0,4.2999997
1943-03-15,51.0,21.0,3.11
1943-04-15,51.0,21.0,1.37
1943-05-15,51.0,21.0,-0.59999996
1943-06-15,51.0,21.0,-0.83
1943-07-15,51.0,21.0,0.14999999
1943-08-15,51.0,21.0,2.24
1943-09-15,51.0,21.0,1.04
1943-10-15,51.0,21.0,1.11
1943-11-15,51.0,21.0,-0.78999996
1943-12-15,51.0,21.0,-4.0
1944-01-15,51.0,21.0,5.23
1944-02-15,51.0,21.0,0.07
1944-03-15,51.0,21.0,-2.25
1944-04-15,51.0,21.0,-0.12
1944-05-15,51.0,21.0,-0.26
1944-06-15,51.0,21.0,-0.66999996
1944-07-15,51.0,21.0,0.91999996
1944-08-15,51.0,21.0,2.97
1944-09-15,51.0,21.0,-0.35999998
1944-10-15,51.0,21.0,1.11
1944-11-15,51.0,21.0,-0.02
1944-12-15,51.0,21.0,-1.67
1945-01-15,51.0,21.0,-1.26
1945-02-15,51.0,21.0,3.21
1945-03-15,51.0,21.0,0.66999996
1945-04-15,51.0,21.0,-0.97999996
1945-05-15,51.0,21.0,-1.1
1945-06-15,51.0,21.0,-1.68
1945-07-15,51.0,21.0,-0.26999998
1945-08-15,51.0,21.0,0.089999996
1945-09-15,51.0,21.0,-0.01
1945-10-15,51.0,21.0,-0.66999996
1945-11-15,51.0,21.0,-0.90999997
1945-12-15,51.0,21.0,-0.77
1946-01-15,51.0,21.0,0.69
1946-02-15,51.0,21.0,1.9399999
1946-03-15,51.0,21.0,0.83
1946-04-15,51.0,21.0,1.73
1946-05-15,51.0,21.0,2.3999999
1946-06-15,51.0,21.0,0.93
1946-07-15,51.0,21.0,1.5
1946-08-15,51.0,21.0,1.14
1946-09-15,51.0,21.0,1.23
1946-10-15,51.0,21.0,-4.0899997
1946-11-15,51.0,21.0,-0.81
1946-12-15,51.0,21.0,-2.53
1947-01-15,51.0,21.0,-4.7799997
1947-02-15,51.0,21.0,-5.83
1947-03-15,51.0,21.0,-0.02
1947-04-15,51.0,21.0,0.84
1947-05-15,51.0,21.0,1.5
1947-06-15,51.0,21.0,1.15
1947-07-15,51.0,21.0,1.29
1947-08-15,51.0,21.0,-0.61
1947-09-15,51.0,21.0,2.35
1947-10-15,51.0,21.0,-2.8799999
1947-11-15,51.0,21.0,0.44
1947-12-15,51.0,21.0,1.64
1948-01-15,51.0,21.0,5.15
1948-02-15,51.0,21.0,-0.14
1948-03-15,51.0,21.0,0.77
1948-04-15,51.0,21.0,2.8
1948-05-15,51.0,21.0,1.7199999
1948-06-15,51.0,21.0,-0.25
1948-07-15,51.0,21.0,-0.76
1948-08-15,51.0,21.0,0.08
1948-09-15,51.0,21.0,0.84999996
1948-10-15,51.0,21.0,-0.06
1948-11-15,51.0,21.0,-1.4599999
1948-12-15,51.0,21.0,-2.71
1949-01-15,51.0,21.0,2.9199998
1949-02-15,51.0,21.0,1.1899999
1949-03-15,51.0,21.0,-1.9
1949-04-15,51.0,21.0,0.66999996
1949-05-15,51.0,21.0,1.86
1949-06-15,51.0,21.0,-1.99
1949-07-15,51.0,21.0,-0.64
1949-08-15,51.0,21.0,-0.69
1949-09-15,51.0,21.0,0.84
1949-10-15,51.0,21.0,0.57
1949-11-15,51.0,21.0,1.89
1949-12-15,51.0,21.0,3.05
1950-01-15,51.0,21.0,-4.08
1950-02-15,51.0,21.0,1.6899999
1950-03-15,51.0,21.0,1.4599999
1950-04-15,51.0,21.0,1.8299999
1950-05-15,51.0,21.0,1.88
1950-06-15,51.0,21.0,0.22999999
1950-07-15,51.0,21.0,0.77
1950-08-15,51.0,21.0,0.31
1950-09-15,51.0,21.0,0.24
1950-10-15,51.0,21.0,-1.6899999
1950-11-15,51.0,21.0,0.79999995
1950-12-15,51.0,21.0,1.03
1951-01-15,51.0,21.0,1.67
1951-02-15,51.0,21.0,1.9
1951-03-15,51.0,21.0,0.32
1951-04-15,51.0,21.0,1.29
1951-05-15,51.0,21.0,-0.48999998
1951-06-15,51.0,21.0,0.089999996
1951-07-15,51.0,21.0,0.52
1951-08-15,51.0,21.0,2.04
1951-09-15,51.0,21.0,2.06
1951-10-15,51.0,21.0,-2.01
1951-11-15,51.0,21.0,3.48
1951-12-15,51.0,21.0,2.44
1952-01-15,51.0,21.0,2.25
1952-02-15,51.0,21.0,-0.81
1952-03-15,51.0,21.0,-6.0499997
1952-04-15,51.0,21.0,1.75
1952-05-15,51.0,21.0,-1.11
1952-06-15,51.0,21.0,-0.74
1952-07-15,51.0,21.0,0.59999996
1952-08-15,51.0,21.0,2.3
1952-09-15,51.0,21.0,-0.48999998
1952-10-15,51.0,21.0,-0.25
1952-11-15,51.0,21.0,-2.1299999
1952-12-15,51.0,21.0,-0.66999996
1953-01-15,51.0,21.0,0.53999996
1953-02-15,51.0,21.0,-0.53
1953-03-15,51.0,21.0,-0.14999999
1953-04-15,51.0,21.0,0.32
1953-05-15,51.0,21.0,-0.03
1953-06-15,51.0,21.0,0.71
1953-07-15,51.0,21.0,1.8299999
1953-08-15,51.0,21.0,-0.32999998
1953-09-15,51.0,21.0,0.83
1953-10-15,51.0,21.0,1.23
1953-11-15,51.0,21.0,-1.4499999
1953-12-15,51.0,21.0,0.94
1954-01-15,51.0,21.0,-5.43
1954-02-15,51.0,21.0,-6.25
1954-03-15,51.0,21.0,2.86
1954-04-15,51.0,21.0,-2.4299998
1954-05-15,51.0,21.0,-0.13
1954-06-15,51.0,21.0,1.9699999
1954-07-15,51.0,21.0,-0.98999995
1954-08-15,51.0,21.0,1.0799999
1954-09-15,51.0,21.0,1.75
1954-10-15,51.0,21.0,-0.03
1954-11-15,51.0,21.0,-0.90999997
1954-12-15,51.0,21.0,3.1599998
1955-01-15,51.0,21.0,0.57
1955-02-15,51.0,21.0,-0.84999996
1955-03-15,51.0,21.0,-1.9399999
1955-04-15,51.0,21.0,-0.02
1955-05-15,51.0,21.0,-0.48
1955-06-15,51.0,21.0,-1.02
1955-07-15,51.0,21.0,0.62
1955-08-15,51.0,21.0,1.1
1955-09-15,51.0,21.0,1.1
1955-10-15,51.0,21.0,0.14999999
1955-11-15,51.0,21.0,-0.65
1955-12-15,51.0,21.0,0.79999995
1956-01-15,51.0,21.0,-1.41
1956-02-15,51.0,21.0,-9.91
1956-03-15,51.0,21.0,-1.5799999
1956-04-15,51.0,21.0,-0.089999996
1956-05-15,51.0,21.0,0.64
1956-06-15,51.0,21.0,0.52
1956-07-15,51.0,21.0,-0.52
1956-08-15,51.0,21.0,-0.84
1956-09-15,51.0,21.0,0.29999998
1956-10-15,51.0,21.0,-0.11
1956-11-15,51.0,21.0,-5.46
1956-12-15,51.0,21.0,-0.53999996
1957-01-15,51.0,21.0,0.59
1957-02-15,51.0,21.0,4.7799997
1957-03-15,51.0,21.0,1.17
1957-04-15,51.0,21.0,1.28
1957-05-15,51.0,21.0,-1.5999999
1957-06-15,51.0,21.0,1.3199999
1957-07-15,51.0,21.0,2.62
1957-08-15,51.0,21.0,-0.5
1957-09-15,51.0,21.0,-0.79999995
1957-10-15,51.0,21.0,0.35999998
1957-11-15,51.0,21.0,0.47
1957-12-15,51.0,21.0,-0.47
1958-01-15,51.0,21.0,-0.59
1958-02-15,51.0,21.0,2.6699998
1958-03-15,51.0,21.0,-5.06
1958-04-15,51.0,21.0,-3.09
1958-05-15,51.0,21.0,3.1
1958-06-15,51.0,21.0,-2.45
1958-07-15,51.0,21.0,1.01
1958-08-15,51.0,21.0,0.29
1958-09-15,51.0,21.0,0.44
1958-10-15,51.0,21.0,1.02
1958-11-15,51.0,21.0,0.57
1958-12-15,51.0,21.0,2.25
1959-01-15,51.0,21.0,1.8499999
1959-02-15,51.0,21.0,0.42
1959-03-15,51.0,21.0,4.13
1959-04-15,51.0,21.0,0.5
1959-05-15,51.0,21.0,-0.24
1959-06-15,51.0,21.0,-0.34
1959-07-15,51.0,21.0,3.08
1959-08-15,51.0,21.0,0.22999999
1959-09-15,51.0,21.0,-1.8499999
1959-10-15,51.0,21.0,-1.1899999
1959-11-15,51.0,21.0,-0.78
1959-12-15,51.0,21.0,1.09
1960-01-15,51.0,21.0,-0.34
1960-02-15,51.0,21.0,-2.1299999
1960-03-15,51.0,21.0,0.34
1960-04-15,51.0,21.0,-0.47
1960-05-15,51.0,21.0,0.03
1960-06-15,51.0,21.0,0.48999998
1960-07-15,51.0,21.0,-0.76
1960-08-15,51.0,21.0,0.089999996
1960-09-15,51.0,21.0,-1.12
1960-10-15,51.0,21.0,1.81
1960-11-15,51.0,21.0,3.04
1960-12-15,51.0,21.0,4.0499997
1961-01-15,51.0,21.0,-0.39
1961-02-15,51.0,21.0,4.2
1961-03-15,51.0,21.0,3.74
1961-04-15,51.0,21.0,2.4099998
1961-05-15,51.0,21.0,-1.03
1961-06-15,51.0,21.0,1.31
1961-07-15,51.0,21.0,-1.31
1961-08-15,51.0,21.0,-0.29999998
1961-09-15,51.0,21.0,1.27
1961-10-15,51.0,21.0,2.21
1961-11-15,51.0,21.0,0.48999998
1961-12-15,51.0,21.0,-2.75
1962-01-15,51.0,21.0,2.71
1962-02-15,51.0,21.0,-0.48999998
1962-03-15,51.0,21.0,-3.1299999
1962-04-15,51.0,21.0,2.81
1962-05-15,51.0,21.0,-2.1399999
1962-06-15,51.0,21.0,-1.8499999
1962-07-15,51.0,21.0,-1.73
1962-08-15,51.0,21.0,0.19
1962-09-15,51.0,21.0,-0.7
1962-10-15,51.0,21.0,-0.26999998
1962-11-15,51.0,21.0,1.1999999
1962-12-15,51.0,21.0,-4.1
1963-01-15,51.0,21.0,-7.77
1963-02-15,51.0,21.0,-6.33
1963-03-15,51.0,21.0,-3.8
1963-04-15,51.0,21.0,0.42
1963-05-15,51.0,21.0,2.04
1963-06-15,51.0,21.0,0.41
1963-07-15,51.0,21.0,1.8299999
1963-08-15,51.0,21.0,1.5699999
1963-09-15,51.0,21.0,1.53
1963-10-15,51.0,21.0,-0.42
1963-11-15,51.0,21.0,3.4099998
1963-12-15,51.0,21.0,-4.5
1964-01-15,51.0,21.0,-1.39
1964-02-15,51.0,21.0,-2.47
1964-03-15,51.0,21.0,-4.93
1964-04-15,51.0,21.0,0.56
1964-05-15,51.0,21.0,-0.049999997
1964-06-15,51.0,21.0,2.87
1964-07-15,51.0,21.0,0.17
1964-08-15,51.0,21.0,-0.94
1964-09-15,51.0,21.0,0.03
1964-10-15,51.0,21.0,-0.16
1964-11-15,51.0,21.0,0.26999998
1964-12-15,51.0,21.0,0.29
1965-01-15,51.0,21.0,1.9599999
1965-02-15,51.0,21.0,-4.65
1965-03-15,51.0,21.0,-1.4699999
1965-04-15,51.0,21.0,-1.63
1965-05-15,51.0,21.0,-2.48
1965-06-15,51.0,21.0,0.07
1965-07-15,51.0,21.0,-1.17
1965-08-15,51.0,21.0,-1.36
1965-09-15,51.0,21.0,1.11
1965-10-15,51.0,21.0,-0.94
1965-11-15,51.0,21.0,-4.23
1965-12-15,51.0,21.0,0.48
1966-01-15,51.0,21.0,-0.95
1966-02-15,51.0,21.0,3.85
1966-03-15,51.0,21.0,0.69
1966-04-15,51.0,21.0,1.56
1966-05-15,51.0,21.0,0.87
1966-06-15,51.0,21.0,-0.35999998
1966-07-15,51.0,21.0,0.089999996
1966-08-15,51.0,21.0,-0.41
1966-09-15,51.0,21.0,-0.79999995
1966-10-15,51.0,21.0,3.24
1966-11-15,51.0,21.0,0.29
1966-12-15,51.0,21.0,0.66999996
1967-01-15,51.0,21.0,-0.91999996
1967-02-15,51.0,21.0,2.06
1967-03-15,51.0,21.0,3.56
1967-04-15,51.0,21.0,0.16
1967-05-15,51.0,21.0,1.28
1967-06-15,51.0,21.0,-0.04
1967-07-15,51.0,21.0,1.2099999
1967-08-15,51.0,21.0,0.26
1967-09-15,51.0,21.0,2.61
1967-10-15,51.0,21.0,2.56
1967-11-15,51.0,21.0,0.45999998
1967-12-15,51.0,21.0,-1.29
1968-01-15,51.0,21.0,-1.0799999
1968-02-15,51.0,21.0,1.92
1968-03-15,51.0,21.0,1.92
1968-04-15,51.0,21.0,2.02
1968-05-15,51.0,21.0,0.32999998
1968-06-15,51.0,21.0,1.8299999
1968-07-15,51.0,21.0,-0.63
1968-08-15,51.0,21.0,-0.52
1968-09-15,51.0,21.0,0.39
1968-10-15,51.0,21.0,-0.32
1968-11-15,51.0,21.0,1.5899999
1968-12-15,51.0,21.0,-3.1799998
1969-01-15,51.0,21.0,-1.5799999
1969-02-15,51.0,21.0,-1.49
1969-03-15,51.0,21.0,-3.4499998
1969-04-15,51.0,21.0,-0.04
1969-05-15,51.0,21.0,2.53
1969-06-15,51.0,21.0,-0.19999999
1969-07-15,51.0,21.0,0.37
1969-08-15,51.0,21.0,-0.34
1969-09-15,51.0,21.0,-0.099999994
1969-10-15,51.0,21.0,0.58
1969-11-15,51.0,21.0,1.5
1969-12-15,51.0,21.0,-6.8999996
1970-01-15,51.0,21.0,-1.31
1970-02-15,51.0,21.0,-3.28
1970-03-15,51.0,21.0,-1.27
1970-04-15,51.0,21.0,-0.5
1970-05-15,51.0,21.0,-0.90999997
1970-06-15,51.0,21.0,0.11
1970-07-15,51.0,21.0,-0.21
1970-08-15,51.0,21.0,-0.42
1970-09-15,51.0,21.0,-1.31
1970-10-15,51.0,21.0,-0.61
1970-11-15,51.0,21.0,1.63
1970-12-15,51.0,21.0,0.98999995
1971-01-15,51.0,21.0,0.57
1971-02-15,51.0,21.0,2.1499999
1971-03-15,51.0,21.0,-2.12
1971-04-15,51.0,21.0,0.19
1971-05-15,51.0,21.0,1.86
1971-06-15,51.0,21.0,-0.89
1971-07-15,51.0,21.0,0.16
1971-08-15,51.0,21.0,1.51
1971-09-15,51.0,21.0,-2.2
1971-10-15,51.0,21.0,-0.53
1971-11-15,51.0,21.0,-0.96
1971-12-15,51.0,21.0,3.47
1972-01-15,51.0,21.0,-2.33
1972-02-15,51.0,21.0,2.9099998
1972-03-15,51.0,21.0,2.3999999
1972-04-15,51.0,21.0,0.19
1972-05-15,51.0,21.0,0.71999997
1972-06-15,51.0,21.0,0.57
1972-07-15,51.0,21.0,1.79
1972-08-15,51.0,21.0,-0.29999998
1972-09-15,51.0,21.0,-1.67
1972-10-15,51.0,21.0,-2.6599998
1972-11-15,51.0,21.0,0.68
1972-12-15,51.0,21.0,1.02
1973-01-15,51.0,21.0,2.04
1973-02-15,51.0,21.0,3.22
1973-03-15,51.0,21.0,2.1699998
1973-04-15,51.0,21.0,-0.85999995
1973-05-15,51.0,21.0,0.14999999
1973-06-15,51.0,21.0,-0.48999998
1973-07-15,51.0,21.0,-0.31
1973-08-15,51.0,21.0,-0.049999997
1973-09-15,51.0,21.0,0.19
1973-10-15,51.0,21.0,-1.38
1973-11-15,51.0,21.0,-2.1499999
1973-12-15,51.0,21.0,-0.68
1974-01-15,51.0,21.0,3.32
1974-02-15,51.0,21.0,5.58
1974-03-15,51.0,21.0,4.1
1974-04-15,51.0,21.0,-0.57
1974-05-15,51.0,21.0,-1.1999999
1974-06-15,51.0,21.0,-2.04
1974-07-15,51.0,21.0,-1.73
1974-08-15,51.0,21.0,1.3399999
1974-09-15,51.0,21.0,0.13
1974-10-15,51.0,21.0,-2.6399999
1974-11-15,51.0,21.0,0.61
1974-12-15,51.0,21.0,3.24
1975-01-15,51.0,21.0,6.45
1975-02-15,51.0,21.0,1.4
1975-03-15,51.0,21.0,3.1899998
1975-04-15,51.0,21.0,-0.26
1975-05-15,51.0,21.0,1.64
1975-06-15,51.0,21.0,-0.45
1975-07-15,51.0,21.0,0.81
1975-08-15,51.0,21.0,0.44
1975-09-15,51.0,21.0,2.6499999
1975-10-15,51.0,21.0,-0.049999997
1975-11-15,51.0,21.0,-2.1
1975-12-15,51.0,21.0,0.65999997
1976-01-15,51.0,21.0,0.93
1976-02-15,51.0,21.0,-0.29999998
1976-03-15,51.0,21.0,-2.44
1976-04-15,51.0,21.0,-0.14999999
1976-05-15,51.0,21.0,-0.62
1976-06-15,51.0,21.0,-1.22
1976-07-15,51.0,21.0,0.24
1976-08-15,51.0,21.0,-2.21
1976-09-15,51.0,21.0,-0.53999996
1976-10-15,51.0,21.0,0.38
1976-11-15,51.0,21.0,1.29
1976-12-15,51.0,21.0,-0.45999998
1977-01-15,51.0,21.0,2.04
1977-02-15,51.0,21.0,3.1599998
1977-03-15,51.0,21.0,3.98
1977-04-15,51.0,21.0,-0.51
1977-05-15,51.0,21.0,0.32999998
1977-06-15,51.0,21.0,-0.17999999
1977-07-15,51.0,21.0,-1.42
1977-08-15,51.0,21.0,-1.0
1977-09-15,51.0,21.0,-2.24
1977-10-15,51.0,21.0,1.14
1977-11-15,51.0,21.0,1.65
1977-12-15,51.0,21.0,-0.16
1978-01-15,51.0,21.0,2.33
1978-02-15,51.0,21.0,-0.82
1978-03-15,51.0,21.0,2.6599998
1978-04-15,51.0,21.0,-1.6899999
1978-05-15,51.0,21.0,-1.38
1978-06-15,51.0,21.0,-1.4
1978-07-15,51.0,21.0,-2.0
1978-08-15,51.0,21.0,-1.4699999
1978-09-15,51.0,21.0,-2.08
1978-10-15,51.0,21.0,0.34
1978-11-15,51.0,21.0,0.59
1978-12-15,51.0,21.0,-2.2
1979-01-15,51.0,21.0,-2.27
1979-02-15,51.0,21.0,-1.91
1979-03-15,51.0,21.0,1.29
1979-04-15,51.0,21.0,-1.3199999
1979-05-15,51.0,21.0,1.39
1979-06-15,51.0,21.0,2.28
1979-07-15,51.0,21.0,-2.6499999
1979-08-15,51.0,21.0,-0.37
1979-09-15,51.0,21.0,0.29999998
1979-10-15,51.0,21.0,-1.49
1979-11-15,51.0,21.0,-0.78
1979-12-15,51.0,21.0,2.82
1980-01-15,51.0,21.0,-2.06
1980-02-15,51.0,21.0,2.0
1980-03-15,51.0,21.0,-1.11
1980-04-15,51.0,21.0,-1.8399999
1980-05-15,51.0,21.0,-3.0
1980-06-15,51.0,21.0,-0.91999996
1980-07-15,51.0,21.0,-1.53
1980-08-15,51.0,21.0,-1.0799999
1980-09-15,51.0,21.0,-0.78
1980-10-15,51.0,21.0,0.04
1980-11-15,51.0,21.0,-1.5999999
1980-12-15,51.0,21.0,-0.45
1981-01-15,51.0,21.0,-0.06
1981-02-15,51.0,21.0,1.18
1981-03-15,51.0,21.0,3.27
1981-04-15,51.0,21.0,-1.52
1981-05-15,51.0,21.0,0.65999997
1981-06-15,51.0,21.0,1.0699999
1981-07-15,51.0,21.0,-0.26999998
1981-08-15,51.0,21.0,-0.52
1981-09-15,51.0,21.0,0.39
1981-10-15,51.0,21.0,0.7
1981-11-15,51.0,21.0,-0.29
1981-12-15,51.0,21.0,-2.71
1982-01-15,51.0,21.0,-0.39999998
1982-02-15,51.0,21.0,0.01
1982-03-15,51.0,21.0,2.45
1982-04-15,51.0,21.0,-2.1399999
1982-05-15,51.0,21.0,0.71
1982-06-15,51.0,21.0,-0.39
1982-07-15,51.0,21.0,0.52
1982-08-15,51.0,21.0,1.2099999
1982-09-15,51.0,21.0,2.36
1982-10-15,51.0,21.0,0.76
1982-11-15,51.0,21.0,1.18
1982-12-15,51.0,21.0,2.35
1983-01-15,51.0,21.0,6.5899997
1983-02-15,51.0,21.0,-0.78999996
1983-03-15,51.0,21.0,2.23
1983-04-15,51.0,21.0,2.1
1983-05-15,51.0,21.0,2.81
1983-06-15,51.0,21.0,-0.14999999
1983-07-15,51.0,21.0,1.2099999
1983-08-15,51.0,21.0,0.48
1983-09-15,51.0,21.0,1.01
1983-10-15,51.0,21.0,0.39
1983-11-15,51.0,21.0,-1.4399999
1983-12-15,51.0,21.0,0.01
1984-01-15,51.0,21.0,3.6299999
1984-02-15,51.0,21.0,0.5
1984-03-15,51.0,21.0,-0.47
1984-04-15,51.0,21.0,0.22999999
1984-05-15,51.0,21.0,0.38
1984-06-15,51.0,21.0,-2.07
1984-07-15,51.0,21.0,-1.78
1984-08-15,51.0,21.0,-0.07
1984-09-15,51.0,21.0,0.26999998
1984-10-15,51.0,21.0,2.03
1984-11-15,51.0,21.0,0.01
1984-12-15,51.0,21.0,-0.25
1985-01-15,51.0,21.0,-4.65
1985-02-15,51.0,21.0,-6.17
1985-03-15,51.0,21.0,0.83
1985-04-15,51.0,21.0,0.29999998
1985-05-15,51.0,21.0,1.54
1985-06-15,51.0,21.0,-2.0
1985-07-15,51.0,21.0,-0.41
1985-08-15,51.0,21.0,0.78
1985-09-15,51.0,21.0,-0.87
1985-10-15,51.0,21.0,0.19999999
1985-11-15,51.0,21.0,-2.76
1985-12-15,51.0,21.0,2.96
1986-01-15,51.0,21.0,1.8399999
1986-02-15,51.0,21.0,-6.2999997
1986-03-15,51.0,21.0,-0.29999998
1986-04-15,51.0,21.0,1.5999999
1986-05-15,51.0,21.0,2.1399999
1986-06-15,51.0,21.0,-0.24
1986-07-15,51.0,21.0,-0.37
1986-08-15,51.0,21.0,0.28
1986-09-15,51.0,21.0,-2.07
1986-10-15,51.0,21.0,0.29999998
1986-11-15,51.0,21.0,1.4
1986-12-15,51.0,21.0,0.39
1987-01-15,51.0,21.0,-7.0899997
1987-02-15,51.0,21.0,0.84999996
1987-03-15,51.0,21.0,-4.7599998
1987-04-15,51.0,21.0,-0.13
1987-05-15,51.0,21.0,-1.03
1987-06-15,51.0,21.0,-0.35
1987-07-15,51.0,21.0,0.65
1987-08-15,51.0,21.0,-1.7099999
1987-09-15,51.0,21.0,0.29
1987-10-15,51.0,21.0,0.51
1987-11-15,51.0,21.0,0.69
1987-12-15,51.0,21.0,1.39
1988-01-15,51.0,21.0,5.7
1988-02-15,51.0,21.0,3.1899998
1988-03-15,51.0,21.0,-0.81
1988-04-15,51.0,21.0,-0.57
1988-05-15,51.0,21.0,1.54
1988-06-15,51.0,21.0,-0.32
1988-07-15,51.0,21.0,1.36
1988-08-15,51.0,21.0,0.5
1988-09-15,51.0,21.0,0.32999998
1988-10-15,51.0,21.0,-0.53
1988-11-15,51.0,21.0,-4.31
1988-12-15,51.0,21.0,0.82
1989-01-15,51.0,21.0,5.1
1989-02-15,51.0,21.0,6.22
1989-03-15,51.0,21.0,4.0499997
1989-04-15,51.0,21.0,1.41
1989-05-15,51.0,21.0,0.45999998
1989-06-15,51.0,21.0,-1.38
1989-07-15,51.0,21.0,0.19
1989-08-15,51.0,21.0,0.71999997
1989-09-15,51.0,21.0,0.96999997
1989-10-15,51.0,21.0,1.76
1989-11-15,51.0,21.0,-1.93
1989-12-15,51.0,21.0,1.91
1990-01-15,51.0,21.0,4.66
1990-02-15,51.0,21.0,7.08
1990-03-15,51.0,21.0,4.85
1990-04-15,51.0,21.0,0.26
1990-05-15,51.0,21.0,0.61
1990-06-15,51.0,21.0,-0.19
1990-07-15,51.0,21.0,-1.01
1990-08-15,51.0,21.0,0.38
1990-09-15,51.0,21.0,-2.18
1990-10-15,51.0,21.0,0.90999997
1990-11-15,51.0,21.0,1.24
1990-12-15,51.0,21.0,0.14
1991-01-15,51.0,21.0,3.48
1991-02-15,51.0,21.0,-2.03
1991-03-15,51.0,21.0,3.09
1991-04-15,51.0,21.0,-0.58
1991-05-15,51.0,21.0,-2.46
1991-06-15,51.0,21.0,-1.01
1991-07-15,51.0,21.0,1.04
1991-08-15,51.0,21.0,0.65999997
1991-09-15,51.0,21.0,0.88
1991-10-15,51.0,21.0,-0.64
1991-11-15,51.0,21.0,0.59999996
1991-12-15,51.0,21.0,-0.95
1992-01-15,51.0,21.0,2.6299999
1992-02-15,51.0,21.0,3.01
1992-03-15,51.0,21.0,1.73
1992-04-15,51.0,21.0,0.099999994
1992-05-15,51.0,21.0,0.31
1992-06-15,51.0,21.0,1.31
1992-07-15,51.0,21.0,1.65
1992-08-15,51.0,21.0,4.37
1992-09-15,51.0,21.0,-0.51
1992-10-15,51.0,21.0,-2.03
1992-11-15,51.0,21.0,0.39
1992-12-15,51.0,21.0,-0.16
1993-01-15,51.0,21.0,3.47
1993-02-15,51.0,21.0,0.62
1993-03-15,51.0,21.0,-0.68
1993-04-15,51.0,21.0,0.59999996
1993-05-15,51.0,21.0,3.11
1993-06-15,51.0,21.0,-0.79999995
1993-07-15,51.0,21.0,-0.98999995
1993-08-15,51.0,21.0,-0.31
1993-09-15,51.0,21.0,-0.69
1993-10-15,51.0,21.0,0.44
1993-11-15,51.0,21.0,-4.5699997
1993-12-15,51.0,21.0,2.75
1994-01-15,51.0,21.0,6.0899997
1994-02-15,51.0,21.0,0.61
1994-03-15,51.0,21.0,2.84
1994-04-15,51.0,21.0,1.14
1994-05-15,51.0,21.0,0.02
1994-06-15,51.0,21.0,-0.42
1994-07-15,51.0,21.0,3.0
1994-08-15,51.0,21.0,1.4399999
1994-09-15,51.0,21.0,1.76
1994-10-15,51.0,21.0,-1.53
1994-11-15,51.0,21.0,0.51
1994-12-15,51.0,21.0,1.74
1995-01-15,51.0,21.0,2.18
1995-02-15,51.0,21.0,5.39
1995-03-15,51.0,21.0,1.26
1995-04-15,51.0,21.0,0.08
1995-05-15,51.0,21.0,-0.38
1995-06-15,51.0,21.0,0.26
1995-07-15,51.0,21.0,2.23
1995-08-15,51.0,21.0,0.66999996
1995-09-15,51.0,21.0,-0.53
1995-10-15,51.0,21.0,1.9699999
1995-11-15,51.0,21.0,-3.25
1995-12-15,51.0,21.0,-3.32
1996-01-15,51.0,21.0,-1.29
1996-02-15,51.0,21.0,-2.8999999
1996-03-15,51.0,21.0,-3.27
1996-04-15,51.0,21.0,0.06
1996-05-15,51.0,21.0,2.0
1996-06-15,51.0,21.0,0.38
1996-07-15,51.0,21.0,-1.3299999
1996-08-15,51.0,21.0,0.65999997
1996-09-15,51.0,21.0,-3.12
1996-10-15,51.0,21.0,0.84999996
1996-11-15,51.0,21.0,2.6699998
1996-12-15,51.0,21.0,-4.0899997
1997-01-15,51.0,21.0,-0.85999995
1997-02-15,51.0,21.0,3.73
1997-03-15,51.0,21.0,1.22
1997-04-15,51.0,21.0,-2.86
1997-05-15,51.0,21.0,1.15
1997-06-15,51.0,21.0,0.19
1997-07-15,51.0,21.0,-0.28
1997-08-15,51.0,21.0,1.13
1997-09-15,51.0,21.0,-0.29
1997-10-15,51.0,21.0,-2.1
1997-11-15,51.0,21.0,0.049999997
1997-12-15,51.0,21.0,1.3199999
1998-01-15,51.0,21.0,4.5699997
1998-02-15,51.0,21.0,5.47
1998-03-15,51.0,21.0,-0.06
1998-04-15,51.0,21.0,2.3799999
1998-05-15,51.0,21.0,1.12
1998-06-15,51.0,21.0,1.35
1998-07-15,51.0,21.0,0.17999999
1998-08-15,51.0,21.0,-0.06
1998-09-15,51.0,21.0,0.01
1998-10-15,51.0,21.0,-0.28
1998-11-15,51.0,21.0,-4.06
1998-12-15,51.0,21.0,-1.52
1999-01-15,51.0,21.0,3.9599998
1999-02-15,51.0,21.0,0.84
1999-03-15,51.0,21.0,2.9199998
1999-04-15,51.0,21.0,2.03
1999-05-15,51.0,21.0,0.14999999
1999-06-15,51.0,21.0,1.17
1999-07-15,51.0,21.0,2.1399999
1999-08-15,51.0,21.0,0.17999999
1999-09-15,51.0,21.0,2.69
1999-10-15,51.0,21.0,0.099999994
1999-11-15,51.0,21.0,-1.3
1999-12-15,51.0,21.0,1.0699999
2000-01-15,51.0,21.0,1.51
2000-02-15,51.0,21.0,4.2
2000-03-15,51.0,21.0,1.5999999
2000-04-15,51.0,21.0,3.82
2000-05-15,51.0,21.0,2.4199998
2000-06-15,51.0,21.0,0.84
2000-07-15,51.0,21.0,-1.16
2000-08-15,51.0,21.0,1.3
2000-09-15,51.0,21.0,-1.0799999
2000-10-15,51.0,21.0,3.9199998
2000-11-15,51.0,21.0,3.72
2000-12-15,51.0,21.0,2.8
2001-01-15,51.0,21.0,3.1899998
2001-02-15,51.0,21.0,2.23
2001-03-15,51.0,21.0,1.54
2001-04-15,51.0,21.0,0.32
2001-05-15,51.0,21.0,1.64
2001-06-15,51.0,21.0,-1.51
2001-07-15,51.0,21.0,2.01
2001-08-15,51.0,21.0,2.11
2001-09-15,51.0,21.0,-1.31
2001-10-15,51.0,21.0,3.1899998
2001-11-15,51.0,21.0,-1.28
2001-12-15,51.0,21.0,-3.37
2002-01-15,51.0,21.0,2.85
2002-02-15,51.0,21.0,5.95
2002-03-15,51.0,21.0,3.21
2002-04-15,51.0,21.0,0.78
2002-05-15,51.0,21.0,4.12
2002-06-15,51.0,21.0,1.09
2002-07-15,51.0,21.0,2.54
2002-08-15,51.0,21.0,2.76
2002-09-15,51.0,21.0,-0.47
2002-10-15,51.0,21.0,-1.12
2002-11-15,51.0,21.0,1.73
2002-12-15,51.0,21.0,-3.81
2003-01-15,51.0,21.0,0.96
2003-02-15,51.0,21.0,-2.33
2003-03-15,51.0,21.0,0.78999996
2003-04-15,51.0,21.0,-0.56
2003-05-15,51.0,21.0,3.27
2003-06-15,51.0,21.0,2.05
2003-07-15,51.0,21.0,1.6999999
2003-08-15,51.0,21.0,2.12
2003-09-15,51.0,21.0,0.48
2003-10-15,51.0,21.0,-2.98
2003-11-15,51.0,21.0,2.28
2003-12-15,51.0,21.0,1.6999999
2004-01-15,51.0,21.0,-0.85999995
2004-02-15,51.0,21.0,2.1399999
2004-03-15,51.0,21.0,1.4599999
2004-04-15,51.0,21.0,1.16
2004-05-15,51.0,21.0,-0.63
2004-06-15,51.0,21.0,-0.35
2004-07-15,51.0,21.0,0.19999999
2004-08-15,51.0,21.0,1.5999999
2004-09-15,51.0,21.0,0.01
2004-10-15,51.0,21.0,1.9799999
2004-11-15,51.0,21.0,0.39
2004-12-15,51.0,21.0,1.9599999
2005-01-15,51.0,21.0,3.6999998
2005-02-15,51.0,21.0,-1.0699999
2005-03-15,51.0,21.0,-1.4499999
2005-04-15,51.0,21.0,1.17
2005-05-15,51.0,21.0,0.72999996
2005-06-15,51.0,21.0,-0.53
2005-07-15,51.0,21.0,1.5799999
2005-08-15,51.0,21.0,-0.089999996
2005-09-15,51.0,21.0,1.63
2005-10-15,51.0,21.0,1.22
2005-11-15,51.0,21.0,-0.58
2005-12-15,51.0,21.0,0.14999999
2006-01-15,51.0,21.0,-3.36
2006-02-15,51.0,21.0,-0.82
2006-03-15,51.0,21.0,-2.01
2006-04-15,51.0,21.0,1.27
2006-05-15,51.0,21.0,0.53999996
2006-06-15,51.0,21.0,0.71999997
2006-07-15,51.0,21.0,3.9099998
2006-08-15,51.0,21.0,0.26999998
2006-09-15,51.0,21.0,2.45
2006-10-15,51.0,21.0,2.36
2006-11-15,51.0,21.0,2.46
2006-12-15,51.0,21.0,4.19
2007-01-15,51.0,21.0,7.39
2007-02-15,51.0,21.0,3.05
2007-03-15,51.0,21.0,4.38
2007-04-15,51.0,21.0,1.4399999
2007-05-15,51.0,21.0,2.4199998
2007-06-15,51.0,21.0,2.18
2007-07-15,51.0,21.0,1.24
2007-08-15,51.0,21.0,1.6899999
2007-09-15,51.0,21.0,-0.72999996
2007-10-15,51.0,21.0,-0.57
2007-11-15,51.0,21.0,-1.9
2007-12-15,51.0,21.0,0.58
2008-01-15,51.0,21.0,5.02
2008-02-15,51.0,21.0,4.81
2008-03-15,51.0,21.0,1.8399999
2008-04-15,51.0,21.0,1.04
2008-05-15,51.0,21.0,0.7
2008-06-15,51.0,21.0,1.49
2008-07-15,51.0,21.0,0.84
2008-08-15,51.0,21.0,1.12
2008-09-15,51.0,21.0,-0.71
2008-10-15,51.0,21.0,1.49
2008-11-15,51.0,21.0,1.9599999
2008-12-15,51.0,21.0,2.25
2009-01-15,51.0,21.0,0.96999997
2009-02-15,51.0,21.0,1.29
2009-03-15,51.0,21.0,0.93
2009-04-15,51.0,21.0,3.59
2009-05-15,51.0,21.0,0.69
2009-06-15,51.0,21.0,-0.53
2009-07-15,51.0,21.0,1.66
2009-08-15,51.0,21.0,1.38
2009-09-15,51.0,21.0,1.8499999
2009-10-15,51.0,21.0,-1.23
2009-11-15,51.0,21.0,2.3799999
2009-12-15,51.0,21.0,0.089999996
2010-01-15,51.0,21.0,-2.6399999
2010-02-15,51.0,21.0,0.62
2010-03-15,51.0,21.0,1.25
2010-04-15,51.0,21.0,1.01
2010-05-15,51.0,21.0,0.35
2010-06-15,51.0,21.0,0.66999996
2010-07-15,51.0,21.0,2.8899999
2010-08-15,51.0,21.0,1.66
2010-09-15,51.0,21.0,-1.12
2010-10-15,51.0,21.0,-2.29
2010-11-15,51.0,21.0,2.84
2010-12-15,51.0,21.0,-3.87
2011-01-15,51.0,21.0,3.01
2011-02-15,51.0,21.0,-0.62
2011-03-15,51.0,21.0,1.81
2011-04-15,51.0,21.0,2.6599998
2011-05-15,51.0,21.0,0.74
2011-06-15,51.0,21.0,1.5799999
2011-07-15,51.0,21.0,0.01
2011-08-15,51.0,21.0,1.67
2011-09-15,51.0,21.0,1.9499999
2011-10-15,51.0,21.0,0.11
2011-11-15,51.0,21.0,-0.17999999
2011-12-15,51.0,21.0,3.01
2012-01-15,51.0,21.0,2.5
2012-02-15,51.0,21.0,-4.18
2012-03-15,51.0,21.0,2.73
2012-04-15,51.0,21.0,1.53
2012-05-15,51.0,21.0,2.02
2012-06-15,51.0,21.0,0.85999995
2012-07-15,51.0,21.0,2.46
2012-08-15,51.0,21.0,1.68
2012-09-15,51.0,21.0,1.1999999
2012-10-15,51.0,21.0,0.25
2012-11-15,51.0,21.0,2.52
2012-12-15,51.0,21.0,-1.4599999
2013-01-15,51.0,21.0,1.0
2013-02-15,51.0,21.0,1.67
2013-03-15,51.0,21.0,-2.87
2013-04-15,51.0,21.0,0.71
2013-05-15,51.0,21.0,1.67
2013-06-15,51.0,21.0,1.27
2013-07-15,51.0,21.0,1.3299999
2013-08-15,51.0,21.0,1.78
2013-09-15,51.0,21.0,-1.37
2013-10-15,51.0,21.0,1.93
2013-11-15,51.0,21.0,1.86
2013-12-15,51.0,21.0,3.04
2014-01-15,51.0,21.0,3.02
2014-02-15,51.0,21.0,5.12
2014-03-15,51.0,21.0,5.0699997
2014-04-15,51.0,21.0,2.49
2014-05-15,51.0,21.0,1.01
2014-06-15,51.0,21.0,-0.26999998
2014-07-15,51.0,21.0,2.6
2014-08-15,51.0,21.0,0.38
2014-09-15,51.0,21.0,1.56
2014-10-15,51.0,21.0,2.6
2014-11-15,51.0,21.0,2.3999999
2014-12-15,51.0,21.0,2.02
2015-01-15,51.0,21.0,4.7799997
2015-02-15,51.0,21.0,2.8999999
2015-03-15,51.0,21.0,3.12
2015-04-15,51.0,21.0,0.59999996
2015-05-15,51.0,21.0,0.31
2015-06-15,51.0,21.0,0.74
2015-07-15,51.0,21.0,2.46
2015-08-15,51.0,21.0,4.64
2015-09-15,51.0,21.0,1.91
2015-10-15,51.0,21.0,-0.21
2015-11-15,51.0,21.0,2.1399999
2015-12-15,51.0,21.0,4.8599997
2016-01-15,51.0,21.0,0.98999995
2016-02-15,51.0,21.0,5.9
2016-03-15,51.0,21.0,2.62
2016-04-15,51.0,21.0,1.73
2016-05-15,51.0,21.0,1.81
2016-06-15,51.0,21.0,2.22
2016-07-15,51.0,21.0,1.87
2016-08-15,51.0,21.0,0.98999995
2016-09-15,51.0,21.0,2.54
2016-10-15,51.0,21.0,-0.71999997
2016-11-15,51.0,21.0,0.13
2016-12-15,51.0,21.0,1.03
2017-01-15,51.0,21.0,-1.16
2017-02-15,51.0,21.0,2.8
2017-03-15,51.0,21.0,4.5
2017-04-15,51.0,21.0,-0.099999994
2017-05-15,51.0,21.0,1.35
2017-06-15,51.0,21.0,1.92
2017-07-15,51.0,21.0,0.96999997
2017-08-15,51.0,21.0,2.62
2017-09-15,51.0,21.0,0.48
2017-10-15,51.0,21.0,1.26
2017-11-15,51.0,21.0,1.02
2017-12-15,51.0,21.0,2.36
2018-01-15,51.0,21.0,4.74
2018-02-15,51.0,21.0,-0.84
2018-03-15,51.0,21.0,-0.97999996
2018-04-15,51.0,21.0,5.6
2018-05-15,51.0,21.0,4.16
2018-06-15,51.0,21.0,2.3799999
2018-07-15,51.0,21.0,2.48
2018-08-15,51.0,21.0,3.6
2018-09-15,51.0,21.0,2.1699998
2018-10-15,51.0,21.0,2.44
2018-11-15,51.0,21.0,1.8
2018-12-15,51.0,21.0,1.75
2019-01-15,51.0,21.0,1.4599999
2019-02-15,51.0,21.0,5.2599998
2019-03-15,51.0,21.0,4.29
2019-04-15,51.0,21.0,2.24
2019-05-15,51.0,21.0,-0.12
2019-06-15,51.0,21.0,5.25
2019-07-15,51.0,21.0,1.28
2019-08-15,51.0,21.0,3.22
2019-09-15,51.0,21.0,1.1899999
2019-10-15,51.0,21.0,2.76
2019-11-15,51.0,21.0,3.4199998
2019-12-15,51.0,21.0,3.6599998
2020-01-15,51.0,21.0,4.95
2020-02-15,51.0,21.0,5.99
2020-03-15,51.0,21.0,3.03
2020-04-15,51.0,21.0,0.98999995
2020-05-15,51.0,21.0,-1.4
2020-06-15,51.0,21.0,2.01
2020-07-15,51.0,21.0,1.03
2020-08-15,51.0,21.0,3.04
2020-09-15,51.0,21.0,2.03
2020-10-15,51.0,21.0,2.06
2020-11-15,51.0,21.0,1.73
2020-12-15,51.0,21.0,2.9299998
2021-01-15,51.0,21.0,2.53
2021-02-15,51.0,21.0,1.3
2021-03-15,51.0,21.0,1.39
2021-04-15,51.0,21.0,-1.3199999
2021-05-15,51.0,21.0,-0.48999998
2021-06-15,51.0,21.0,2.8999999
2021-07-15,51.0,21.0,3.6799998
2021-08-15,51.0,21.0,0.13
2021-09-15,51.0,21.0,0.59999996
2021-10-15,51.0,21.0,0.74
2021-11-15,51.0,21.0,1.5999999
2021-12-15,51.0,21.0,0.19
2022-01-15,51.0,21.0,3.97
2022-02-15,51.0,21.0,5.2999997
2022-03-15,51.0,21.0,1.52
2022-04-15,51.0,21.0,-1.03
2022-05-15,51.0,21.0,1.27
2022-06-15,51.0,21.0,2.81
2022-07-15,51.0,21.0,1.87
2022-08-15,51.0,21.0,3.7099998
2022-09-15,51.0,21.0,-0.75
2022-10-15,51.0,21.0,2.9399998
2022-11-15,51.0,21.0,1.12
2022-12-15,51.0,21.0,1.4399999
2023-01-15,51.0,21.0,6.5299997
2023-02-15,51.0,21.0,3.3999999
2023-03-15,51.0,21.0,3.1699998
2023-04-15,51.0,21.0,0.03
2023-05-15,51.0,21.0,0.14999999
2023-06-15,51.0,21.0,1.22
2023-07-15,51.0,21.0,2.25
2023-08-15,51.0,21.0,3.29
2023-09-15,51.0,21.0,4.5499997
2023-10-15,51.0,21.0,3.02
2023-11-15,51.0,21.0,0.87
2023-12-15,51.0,21.0,2.6399999
2024-01-15,51.0,21.0,3.57
2024-02-15,51.0,21.0,8.46
2024-03-15,51.0,21.0,5.3599997
2024-04-15,51.0,21.0,3.31
2024-05-15,51.0,21.0,3.24
2024-06-15,51.0,21.0,2.72
2024-07-15,51.0,21.0,3.57
2024-08-15,51.0,21.0,3.87
2024-09-15,51.0,21.0,3.82
2024-10-15,51.0,21.0,1.76
2024-11-15,51.0,21.0,0.17999999
2024-12-15,51.0,21.0,3.07
2025-01-15,51.0,21.0,5.8199997
2025-02-15,51.0,21.0,1.79
2025-03-15,51.0,21.0,4.8599997
2025-04-15,51.0,21.0,3.06
